epoch,train_loss,val_loss,lr,epoch_time_min
0,0.467936,0.248334,0.0001,5.04
1,0.230776,0.223244,9.999e-05,2.74
2,0.213478,0.211683,9.996e-05,2.74
3,0.204744,0.204181,9.99e-05,2.73
4,0.197117,0.197071,9.982e-05,2.74
5,0.190904,0.192241,9.972e-05,2.73
6,0.187839,0.187798,9.96e-05,2.74
7,0.183013,0.18484,9.946e-05,2.74
8,0.179897,0.181407,9.929e-05,2.74
9,0.177785,0.179096,9.91e-05,2.8
10,0.175166,0.176614,9.889e-05,2.74
11,0.172384,0.174401,9.866e-05,2.74
12,0.17048,0.173219,9.841e-05,2.74
13,0.167924,0.171138,9.813e-05,2.74
14,0.166279,0.169719,9.784e-05,2.75
15,0.163721,0.168051,9.752e-05,2.77
16,0.165391,0.166701,9.718e-05,2.77
17,0.163058,0.16535,9.682e-05,2.76
18,0.162118,0.164511,9.644e-05,2.77
19,0.160735,0.163768,9.604e-05,2.82
20,0.16033,0.162021,9.562e-05,3.15
21,0.159171,0.160757,9.518e-05,3.22
22,0.157134,0.160427,9.472e-05,3.21
23,0.157258,0.15956,9.424e-05,3.57
24,0.156705,0.158581,9.373e-05,2.74
25,0.155179,0.157892,9.321e-05,2.74
26,0.154085,0.157265,9.267e-05,2.74
27,0.154025,0.156729,9.211e-05,2.74
28,0.152775,0.155933,9.154e-05,2.75
29,0.151926,0.155199,9.094e-05,2.81
30,0.151078,0.154594,9.033e-05,2.74
31,0.150218,0.153864,8.969e-05,2.78
32,0.150172,0.153458,8.904e-05,2.74
33,0.148811,0.152668,8.838e-05,2.75
34,0.150161,0.152042,8.769e-05,2.74
35,0.148867,0.151754,8.699e-05,2.74
36,0.148568,0.151483,8.627e-05,2.75
37,0.14794,0.150801,8.554e-05,2.74
38,0.147467,0.150099,8.479e-05,2.74
39,0.146193,0.149446,8.403e-05,2.78
40,0.145905,0.148995,8.325e-05,2.74
41,0.144999,0.149101,8.245e-05,2.74
42,0.14558,0.148612,8.164e-05,2.74
43,0.145148,0.147925,8.082e-05,2.84
44,0.144302,0.147601,7.998e-05,2.74
45,0.14441,0.147743,7.913e-05,2.74
46,0.143172,0.146955,7.827e-05,2.74
47,0.142257,0.146624,7.739e-05,2.84
48,0.143222,0.146149,7.651e-05,2.74
49,0.142057,0.145818,7.561e-05,2.81
50,0.141671,0.145511,7.47e-05,2.74
51,0.142175,0.145307,7.377e-05,2.74
52,0.141028,0.14532,7.284e-05,2.74
53,0.141343,0.144881,7.19e-05,2.75
54,0.141097,0.144248,7.094e-05,2.76
55,0.139973,0.14422,6.998e-05,2.74
56,0.13963,0.143776,6.901e-05,2.74
57,0.139643,0.143621,6.803e-05,2.77
58,0.139987,0.143194,6.705e-05,2.74
59,0.139326,0.143159,6.605e-05,2.78
60,0.139599,0.143061,6.505e-05,2.74
61,0.13951,0.142603,6.404e-05,2.74
62,0.139103,0.142459,6.303e-05,2.74
63,0.13714,0.14231,6.201e-05,2.74
64,0.138281,0.141916,6.098e-05,2.74
65,0.13698,0.14168,5.995e-05,2.74
66,0.137401,0.141493,5.891e-05,2.78
67,0.137846,0.141097,5.787e-05,2.75
68,0.13638,0.14095,5.683e-05,2.74
69,0.13707,0.140872,5.579e-05,2.78
70,0.136496,0.140469,5.474e-05,2.74
71,0.135849,0.14036,5.369e-05,2.74
72,0.135283,0.140386,5.263e-05,2.93
73,0.135642,0.139798,5.158e-05,2.74
74,0.135184,0.140015,5.053e-05,2.74
75,0.135418,0.139337,4.947e-05,2.74
76,0.135695,0.139303,4.842e-05,2.74
77,0.134671,0.139267,4.737e-05,2.74
78,0.134605,0.139106,4.631e-05,2.75
79,0.134953,0.13915,4.526e-05,2.8
80,0.133882,0.138718,4.421e-05,2.74
81,0.134543,0.138542,4.317e-05,2.74
82,0.133657,0.13841,4.213e-05,2.74
83,0.132751,0.138508,4.109e-05,2.74
84,0.132403,0.138072,4.005e-05,2.74
85,0.133002,0.138294,3.902e-05,2.74
86,0.132464,0.137809,3.799e-05,2.74
87,0.132193,0.137896,3.697e-05,2.74
88,0.132103,0.137735,3.596e-05,2.74
89,0.131174,0.137548,3.495e-05,2.81
90,0.13208,0.137317,3.395e-05,2.74
91,0.131455,0.137282,3.295e-05,2.75
92,0.132054,0.137114,3.197e-05,2.74
93,0.13153,0.137,3.099e-05,2.74
94,0.130727,0.136934,3.002e-05,2.74
95,0.131181,0.136752,2.906e-05,2.74
96,0.130515,0.136605,2.81e-05,2.74
97,0.130665,0.136536,2.716e-05,2.74
98,0.131973,0.13633,2.623e-05,2.75
99,0.130832,0.136159,2.53e-05,2.78
100,0.130928,0.136193,2.439e-05,2.74
101,0.130094,0.136292,2.349e-05,2.75
102,0.13026,0.13588,2.261e-05,2.74
103,0.129415,0.13607,2.173e-05,2.94
104,0.130267,0.135875,2.087e-05,2.77
105,0.129239,0.135854,2.002e-05,2.74
106,0.128884,0.135572,1.918e-05,2.74
107,0.129113,0.135588,1.836e-05,2.74
108,0.129626,0.135395,1.755e-05,2.74
109,0.128947,0.135379,1.675e-05,2.8
110,0.129248,0.135322,1.597e-05,2.74
111,0.128453,0.135202,1.521e-05,2.74
112,0.128251,0.135141,1.446e-05,2.74
113,0.12888,0.135217,1.373e-05,2.77
114,0.127918,0.135049,1.301e-05,2.74
115,0.128528,0.135035,1.231e-05,2.74
116,0.128014,0.134843,1.162e-05,2.74
117,0.127331,0.135018,1.096e-05,2.74
118,0.12827,0.134681,1.031e-05,2.74
119,0.127906,0.134767,9.67e-06,2.78
120,0.127251,0.134667,9.06e-06,2.74
121,0.127666,0.134571,8.46e-06,2.74
122,0.127042,0.134504,7.89e-06,2.75
123,0.127526,0.1345,7.33e-06,2.74
124,0.127876,0.134448,6.79e-06,2.74
125,0.1286,0.134357,6.27e-06,2.74
126,0.127554,0.134364,5.76e-06,2.74
127,0.12752,0.134405,5.28e-06,2.93
128,0.128056,0.134318,4.82e-06,2.74
129,0.126353,0.134314,4.38e-06,2.8
130,0.127872,0.134298,3.96e-06,2.74
131,0.127641,0.134202,3.56e-06,2.75
132,0.127618,0.134226,3.18e-06,2.74
133,0.126427,0.13416,2.82e-06,2.74
134,0.127611,0.134167,2.48e-06,2.74
135,0.127225,0.134097,2.16e-06,2.74
136,0.126672,0.134086,1.87e-06,2.74
137,0.126741,0.134045,1.59e-06,2.75
138,0.126323,0.134058,1.34e-06,2.74
139,0.125834,0.134031,1.11e-06,2.78
140,0.126054,0.133991,9e-07,2.77
141,0.126859,0.133982,7.1e-07,2.74
142,0.126315,0.133974,5.4e-07,2.74
143,0.126542,0.133952,4e-07,2.74
144,0.127033,0.133953,2.8e-07,2.74
145,0.126812,0.133947,1.8e-07,2.74
146,0.126133,0.133947,1e-07,2.74
147,0.126822,0.133948,4e-08,2.74
148,0.126936,0.13395,1e-08,2.84
149,0.126314,0.133949,0.0,2.79
