epoch,train_loss,train_recon,train_kl,val_loss,val_recon,val_kl,lr,epoch_time_min
0,0.015615,0.015611,4.0785,,,,0.0001,4.4
1,0.002141,0.002134,6.8055,,,,9.997e-05,2.33
2,0.001521,0.001514,6.7462,,,,9.99e-05,2.34
3,0.001209,0.001203,6.4054,,,,9.977e-05,2.34
4,0.001007,0.001001,6.1234,,,,9.96e-05,2.34
5,0.000873,0.000867,5.9252,,,,9.937e-05,2.34
6,0.000779,0.000773,5.7867,,,,9.91e-05,2.34
7,0.000703,0.000697,5.6698,,,,9.877e-05,2.34
8,0.000645,0.000639,5.5652,,,,9.84e-05,2.34
9,0.000597,0.000591,5.4772,,,,9.797e-05,2.34
10,0.000558,0.000552,5.4033,,,,9.75e-05,2.34
11,0.000524,0.000518,5.3549,,,,9.698e-05,2.34
12,0.000494,0.000489,5.3154,,,,9.642e-05,2.34
13,0.00047,0.000465,5.285,,,,9.581e-05,2.34
14,0.000448,0.000443,5.2652,,,,9.515e-05,2.35
15,0.000429,0.000424,5.2424,,,,9.444e-05,2.36
16,0.000411,0.000406,5.2209,,,,9.369e-05,2.36
17,0.000395,0.00039,5.2086,,,,9.29e-05,2.35
18,0.000381,0.000376,5.1922,,,,9.206e-05,2.45
19,0.000369,0.000363,5.1825,,,,9.118e-05,2.42
20,0.000357,0.000351,5.172,,,,9.026e-05,2.59
21,0.000345,0.00034,5.1606,,,,8.93e-05,2.58
22,0.000335,0.00033,5.1525,,,,8.83e-05,2.57
23,0.000326,0.000321,5.1453,,,,8.726e-05,2.65
24,0.000317,0.000312,5.1348,,,,8.619e-05,2.38
25,0.000309,0.000303,5.1283,,,,8.507e-05,2.4
26,0.000301,0.000296,5.1223,,,,8.393e-05,2.59
27,0.000295,0.000289,5.1156,,,,8.274e-05,2.41
28,0.000287,0.000282,5.1091,,,,8.153e-05,2.4
29,0.000281,0.000276,5.1055,,,,8.028e-05,2.38
30,0.000275,0.00027,5.098,,,,7.9e-05,2.34
31,0.00027,0.000265,5.0935,,,,7.77e-05,2.34
32,0.000264,0.000259,5.0867,,,,7.636e-05,2.34
33,0.000259,0.000254,5.0837,,,,7.5e-05,2.34
34,0.000254,0.000249,5.08,,,,7.361e-05,2.34
35,0.00025,0.000245,5.0762,,,,7.22e-05,2.34
36,0.000246,0.000241,5.0728,,,,7.077e-05,2.34
37,0.000242,0.000237,5.0676,,,,6.932e-05,2.34
38,0.000238,0.000233,5.0666,,,,6.784e-05,2.34
39,0.000234,0.000229,5.0643,,,,6.635e-05,2.35
40,0.000231,0.000226,5.0589,,,,6.485e-05,2.35
41,0.000227,0.000222,5.056,,,,6.332e-05,2.35
42,0.000224,0.000219,5.0557,,,,6.179e-05,2.34
43,0.000221,0.000216,5.0555,,,,6.024e-05,2.34
44,0.000218,0.000213,5.0552,,,,5.868e-05,2.34
45,0.000215,0.00021,5.0524,,,,5.712e-05,2.34
46,0.000213,0.000208,5.0507,,,,5.554e-05,2.34
47,0.00021,0.000205,5.0495,,,,5.396e-05,2.34
48,0.000208,0.000203,5.0476,,,,5.238e-05,2.34
49,0.000205,0.0002,5.0472,,,,5.079e-05,2.34
50,0.000203,0.000198,5.047,,,,4.921e-05,2.34
51,0.000201,0.000196,5.0467,,,,4.762e-05,2.34
52,0.000199,0.000194,5.0459,,,,4.604e-05,2.35
53,0.000197,0.000192,5.0461,,,,4.446e-05,2.35
54,0.000195,0.00019,5.0452,,,,4.288e-05,2.51
55,0.000193,0.000188,5.0461,,,,4.132e-05,2.35
56,0.000191,0.000186,5.044,,,,3.976e-05,2.34
57,0.00019,0.000185,5.0456,,,,3.821e-05,2.34
58,0.000188,0.000183,5.045,,,,3.668e-05,2.34
59,0.000186,0.000181,5.0483,,,,3.515e-05,2.34
60,0.000185,0.00018,5.049,,,,3.365e-05,2.34
61,0.000183,0.000178,5.0499,,,,3.216e-05,2.34
62,0.000182,0.000177,5.0517,,,,3.068e-05,2.34
63,0.000181,0.000176,5.05,,,,2.923e-05,2.34
64,0.000179,0.000174,5.0528,,,,2.78e-05,2.34
65,0.000178,0.000173,5.0527,,,,2.639e-05,2.34
66,0.000177,0.000172,5.0552,,,,2.5e-05,2.34
67,0.000176,0.000171,5.0545,,,,2.364e-05,2.34
68,0.000175,0.00017,5.0582,,,,2.23e-05,2.34
69,0.000174,0.000169,5.0574,,,,2.1e-05,2.34
70,0.000173,0.000168,5.0597,,,,1.972e-05,2.34
71,0.000172,0.000167,5.062,,,,1.847e-05,2.34
72,0.000171,0.000166,5.0627,,,,1.726e-05,2.34
73,0.00017,0.000165,5.0649,,,,1.607e-05,2.34
74,0.000169,0.000164,5.0662,,,,1.493e-05,2.34
75,0.000168,0.000163,5.0666,,,,1.381e-05,2.34
76,0.000168,0.000162,5.0704,,,,1.274e-05,2.34
77,0.000167,0.000162,5.0724,,,,1.17e-05,2.34
78,0.000166,0.000161,5.0725,,,,1.07e-05,2.35
79,0.000166,0.00016,5.0748,,,,9.74e-06,2.35
80,0.000165,0.00016,5.0764,,,,8.82e-06,2.35
81,0.000164,0.000159,5.0776,,,,7.94e-06,2.44
82,0.000164,0.000159,5.0776,,,,7.1e-06,2.39
83,0.000163,0.000158,5.0794,,,,6.31e-06,2.34
84,0.000163,0.000158,5.0814,,,,5.56e-06,2.34
85,0.000162,0.000157,5.0824,,,,4.85e-06,2.34
86,0.000162,0.000157,5.084,,,,4.19e-06,2.34
87,0.000162,0.000157,5.0863,,,,3.58e-06,2.34
88,0.000161,0.000156,5.0864,,,,3.02e-06,2.34
89,0.000161,0.000156,5.0879,,,,2.5e-06,2.34
90,0.000161,0.000156,5.0877,,,,2.03e-06,2.35
91,0.00016,0.000155,5.0885,,,,1.6e-06,2.34
92,0.00016,0.000155,5.089,,,,1.23e-06,2.35
93,0.00016,0.000155,5.0899,,,,9e-07,2.34
94,0.00016,0.000155,5.0903,,,,6.3e-07,2.34
95,0.00016,0.000155,5.0908,,,,4e-07,2.34
96,0.00016,0.000155,5.0918,,,,2.3e-07,2.34
97,0.00016,0.000154,5.0916,,,,1e-07,2.34
98,0.000159,0.000154,5.0911,,,,3e-08,2.34
99,0.000159,0.000154,5.0919,0.000174,0.000169,5.0929,0.0,2.34
