step,loss,lr,tokens_per_s,epoch_time_min
20,2.217240,3.08e-04,419.5,1.33
40,0.927338,6.15e-04,422.1,2.60
60,0.580948,9.23e-04,421.4,3.89
80,0.493046,1.00e-03,422.3,5.18
100,0.448607,9.99e-04,425.0,6.46
120,0.434399,9.98e-04,424.6,7.75
140,0.403878,9.97e-04,424.7,9.03
160,0.368693,9.95e-04,425.7,10.31
180,0.314039,9.93e-04,426.1,11.59
200,0.254214,9.91e-04,426.5,12.88
220,0.208137,9.88e-04,426.4,14.17
240,0.184578,9.84e-04,426.2,15.45
260,0.164087,9.80e-04,425.9,16.74
280,0.152084,9.76e-04,425.8,18.03
300,0.135074,9.72e-04,425.5,19.32
320,0.127572,9.67e-04,425.4,20.60
340,0.123895,9.61e-04,424.9,21.90
360,0.110422,9.55e-04,424.6,23.20
380,0.115164,9.49e-04,424.3,24.50
400,0.106633,9.43e-04,424.0,25.79
420,0.103744,9.36e-04,424.0,27.08
440,0.098116,9.29e-04,423.8,28.37
460,0.096061,9.21e-04,423.6,29.65
480,0.097383,9.13e-04,424.4,30.93
500,0.092804,9.05e-04,424.6,32.21
520,0.091264,8.96e-04,425.0,33.48
540,0.088144,8.87e-04,424.7,34.76
560,0.085482,8.78e-04,424.6,36.05
580,0.086358,8.68e-04,424.6,37.34
600,0.089395,8.59e-04,424.6,38.63
620,0.088308,8.48e-04,425.0,39.91
640,0.078728,8.38e-04,424.8,41.20
660,0.080862,8.27e-04,424.5,42.50
680,0.077660,8.16e-04,424.4,43.78
700,0.081692,8.05e-04,424.8,45.06
720,0.079872,7.94e-04,424.9,46.35
740,0.076408,7.82e-04,425.2,47.63
760,0.073008,7.70e-04,425.3,48.91
780,0.070916,7.58e-04,425.4,50.20
800,0.070063,7.45e-04,425.2,51.49
820,0.072296,7.33e-04,425.2,52.78
840,0.066461,7.20e-04,425.0,54.07
860,0.072195,7.07e-04,425.0,55.36
880,0.068803,6.94e-04,424.9,56.64
900,0.066789,6.81e-04,424.9,57.93
920,0.066396,6.68e-04,425.0,59.21
940,0.064623,6.54e-04,425.0,60.50
960,0.065132,6.41e-04,425.1,61.79
980,0.061385,6.27e-04,424.8,63.09
1000,0.066676,6.13e-04,424.9,64.38
1020,0.062344,5.99e-04,422.9,65.97
1040,0.062280,5.85e-04,422.9,67.25
1060,0.059912,5.71e-04,422.8,68.54
1080,0.062863,5.57e-04,423.0,69.83
1100,0.057238,5.43e-04,422.8,71.13
1120,0.061303,5.29e-04,422.9,72.42
1140,0.061460,5.15e-04,423.0,73.71
1160,0.061038,5.01e-04,423.1,74.99
1180,0.059101,4.87e-04,423.4,76.27
1200,0.056925,4.73e-04,423.3,77.56
1220,0.059348,4.59e-04,423.4,78.84
1240,0.057635,4.45e-04,423.4,80.13
1260,0.057809,4.31e-04,423.4,81.41
1280,0.054031,4.18e-04,423.5,82.68
1300,0.054421,4.04e-04,423.6,83.96
1320,0.053791,3.90e-04,423.7,85.24
1340,0.053127,3.77e-04,423.7,86.53
1360,0.051630,3.64e-04,423.7,87.81
1380,0.056467,3.51e-04,423.7,89.10
1400,0.051950,3.38e-04,423.5,90.40
1420,0.050344,3.25e-04,423.4,91.69
1440,0.053653,3.12e-04,423.4,92.97
1460,0.050888,3.00e-04,423.4,94.26
1480,0.047052,2.87e-04,423.5,95.54
1500,0.050292,2.75e-04,423.5,96.83
1520,0.048534,2.63e-04,423.5,98.11
1540,0.052234,2.52e-04,423.5,99.40
1560,0.047882,2.40e-04,423.5,100.68
1580,0.051577,2.29e-04,423.5,101.96
1600,0.046885,2.18e-04,423.5,103.24
1620,0.048969,2.08e-04,423.7,104.52
1640,0.045707,1.97e-04,423.7,105.81
1660,0.046072,1.87e-04,423.8,107.08
1680,0.042926,1.78e-04,423.7,108.36
1700,0.047595,1.68e-04,423.8,109.64
1720,0.040877,1.59e-04,423.8,110.92
1740,0.047965,1.50e-04,423.8,112.20
1760,0.044657,1.42e-04,423.9,113.48
1780,0.045309,1.34e-04,423.8,114.77
1800,0.042210,1.26e-04,423.8,116.05
1820,0.043797,1.18e-04,423.8,117.34
1840,0.041898,1.11e-04,423.7,118.63
1860,0.044795,1.05e-04,423.8,119.91
1880,0.042215,9.82e-05,423.9,121.19
1900,0.043315,9.22e-05,423.9,122.47
1920,0.043408,8.66e-05,423.9,123.76
1940,0.045678,8.14e-05,424.0,125.04
1960,0.043399,7.66e-05,424.0,126.34
1980,0.041692,7.21e-05,423.9,127.62
2000,0.041610,6.81e-05,424.0,128.90
2020,0.042601,6.44e-05,423.4,130.37
2040,0.040818,6.12e-05,423.3,131.66
2060,0.045305,5.84e-05,423.3,132.95
2080,0.045195,5.59e-05,423.2,134.24
2100,0.039742,5.39e-05,423.3,135.52
2120,0.043125,5.23e-05,423.2,136.81
2140,0.041142,5.11e-05,423.2,138.09
2160,0.040893,5.04e-05,423.3,139.38
2180,0.043510,5.00e-05,423.3,140.67
