epoch,train_loss,lr,logit_scale,epoch_time_min
0,3.507568,0.0005,14.9811,2.23
1,0.68639,0.00049987,16.7493,1.9
2,0.232533,0.0004995,18.4263,1.85
3,0.094703,0.00049887,20.1296,1.85
4,0.053865,0.00049799,21.8905,1.85
5,0.039201,0.00049686,23.8683,1.85
6,0.032573,0.00049548,26.0658,1.89
7,0.027786,0.00049386,28.4259,1.86
8,0.024843,0.00049199,30.9508,1.79
9,0.02492,0.00048987,33.7327,1.91
10,0.023414,0.00048752,36.4869,1.82
11,0.023245,0.00048492,39.1283,2.0
12,0.021647,0.00048209,41.7584,1.85
13,0.020042,0.00047903,43.8441,1.86
14,0.01964,0.00047573,46.1608,1.84
15,0.01896,0.00047221,47.6754,1.83
16,0.017166,0.00046846,49.4686,1.74
17,0.017758,0.0004645,50.8912,1.91
18,0.015587,0.00046031,52.3382,1.85
19,0.016164,0.00045592,53.1573,1.81
20,0.014756,0.00045132,54.1151,1.83
21,0.015403,0.00044651,54.5433,1.85
22,0.013364,0.00044151,55.5641,1.86
23,0.013859,0.00043632,56.3242,1.86
24,0.014451,0.00043093,56.5498,1.78
25,0.01239,0.00042537,57.4279,1.89
26,0.013442,0.00041963,57.3906,1.86
27,0.011037,0.00041372,57.9866,1.99
28,0.011676,0.00040764,58.3115,1.92
29,0.010448,0.0004014,59.0671,1.93
30,0.011737,0.00039501,58.9965,2.11
31,0.009344,0.00038848,59.4259,1.9
32,0.009497,0.00038181,60.0821,2.02
33,0.009954,0.000375,60.1213,1.94
34,0.009518,0.00036807,60.3315,2.02
35,0.008873,0.00036102,60.9171,1.95
36,0.008567,0.00035385,61.2874,1.95
37,0.009438,0.00034659,60.9708,1.93
38,0.007966,0.00033922,61.4079,1.88
39,0.008485,0.00033177,61.3191,2.07
40,0.007507,0.00032423,61.7914,1.94
41,0.006601,0.00031662,62.6793,1.94
42,0.007691,0.00030894,62.8885,1.94
43,0.00757,0.0003012,62.9229,1.94
44,0.006668,0.00029341,63.18,1.92
45,0.006741,0.00028558,63.5434,1.92
46,0.006137,0.00027771,64.0275,1.95
47,0.005477,0.00026981,64.3522,1.97
48,0.006008,0.0002619,64.6689,1.95
49,0.005336,0.00025397,65.0464,1.95
50,0.005037,0.00024603,65.5578,1.94
51,0.005983,0.0002381,65.5069,1.93
52,0.00555,0.00023019,65.5898,1.98
53,0.004917,0.00022229,65.5424,1.92
54,0.004742,0.00021442,65.7845,2.04
55,0.003995,0.00020659,66.2844,1.96
56,0.004173,0.0001988,66.7454,1.85
57,0.004038,0.00019106,67.1466,1.86
58,0.004342,0.00018338,67.3367,1.83
59,0.004192,0.00017577,67.3431,2.2
60,0.003798,0.00016823,67.602,1.78
61,0.003485,0.00016078,67.8579,1.92
62,0.00281,0.00015341,68.4459,1.89
63,0.003468,0.00014615,68.5804,1.87
64,0.003109,0.00013898,69.0229,1.82
65,0.00308,0.00013193,69.2083,1.83
66,0.002563,0.000125,69.5222,1.81
67,0.002502,0.00011819,69.9762,1.88
68,0.002525,0.00011152,70.2565,1.74
69,0.002268,0.00010499,70.5792,1.89
70,0.002229,9.86e-05,70.9072,1.88
71,0.002475,9.236e-05,71.0896,1.89
72,0.002099,8.628e-05,71.3956,1.97
73,0.002151,8.037e-05,71.5326,1.92
74,0.002095,7.463e-05,71.6802,1.89
75,0.001697,6.907e-05,71.9239,1.87
76,0.001747,6.368e-05,72.1121,1.86
77,0.001447,5.849e-05,72.4024,1.92
78,0.0018,5.349e-05,72.4927,1.88
79,0.001281,4.868e-05,72.7161,1.86
80,0.001335,4.408e-05,72.9354,1.86
81,0.001443,3.969e-05,73.113,1.94
82,0.001354,3.55e-05,73.2439,1.89
83,0.001408,3.154e-05,73.3176,1.82
84,0.001149,2.779e-05,73.4389,1.93
85,0.00131,2.427e-05,73.5549,1.88
86,0.001155,2.097e-05,73.651,1.89
87,0.001336,1.791e-05,73.7068,1.89
88,0.000953,1.508e-05,73.7965,1.88
89,0.001163,1.248e-05,73.8443,1.89
90,0.001376,1.013e-05,73.863,1.88
91,0.001088,8.01e-06,73.8755,1.8
92,0.000832,6.14e-06,73.9178,1.91
93,0.000987,4.52e-06,73.9526,1.94
94,0.000904,3.14e-06,73.9713,1.88
95,0.000978,2.01e-06,73.9804,1.86
96,0.000887,1.13e-06,73.9891,1.95
97,0.001046,5e-07,73.9932,1.88
98,0.000854,1.3e-07,73.9944,1.85
99,0.000922,0.0,73.9944,1.91
