epoch,train_loss,lr,teacher_temp,momentum,epoch_time_min
0,8.158989,0.0001,0.04,0.996001,11.37
1,7.432441,0.0002,0.041,0.996004,7.46
2,7.3144,0.0003,0.042,0.996009,7.48
3,6.709345,0.0004,0.043,0.996016,7.47
4,6.197126,0.0005,0.044,0.996025,7.46
5,5.742792,0.00049986,0.045,0.996035,7.47
6,5.371372,0.00049945,0.046,0.996048,7.49
7,5.091104,0.00049877,0.047,0.996063,7.52
8,4.809894,0.00049782,0.048,0.996079,9.18
9,4.590624,0.0004966,0.049,0.996098,7.66
10,4.401662,0.0004951,0.05,0.996118,7.47
11,4.229499,0.00049334,0.051,0.99614,7.48
12,4.086323,0.00049132,0.052,0.996164,7.48
13,3.983798,0.00048903,0.053,0.99619,7.48
14,3.880069,0.00048648,0.054,0.996218,7.48
15,3.802903,0.00048367,0.055,0.996247,7.49
16,3.748495,0.00048061,0.056,0.996279,7.5
17,3.693737,0.0004773,0.057,0.996311,7.49
18,3.654717,0.00047373,0.058,0.996346,7.49
19,3.622397,0.00046993,0.059,0.996382,7.45
20,3.59507,0.00046588,0.06,0.99642,7.48
21,3.573734,0.0004616,0.061,0.996459,7.48
22,3.556456,0.00045709,0.062,0.9965,7.48
23,3.538301,0.00045235,0.063,0.996542,8.28
24,3.532189,0.00044739,0.064,0.996586,8.12
25,3.528322,0.00044222,0.065,0.996631,7.51
26,3.535467,0.00043683,0.066,0.996677,7.45
27,3.541492,0.00043124,0.067,0.996725,7.44
28,3.557351,0.00042546,0.068,0.996774,7.44
29,3.567615,0.00041948,0.069,0.996824,7.46
30,3.588926,0.00041332,0.07,0.996876,7.52
31,3.572318,0.00040698,0.07,0.996928,7.47
32,3.559026,0.00040047,0.07,0.996982,7.47
33,3.545031,0.0003938,0.07,0.997036,7.47
34,3.533456,0.00038696,0.07,0.997092,7.45
35,3.50698,0.00037998,0.07,0.997148,7.48
36,3.496088,0.00037286,0.07,0.997206,7.46
37,3.48932,0.0003656,0.07,0.997264,7.47
38,3.475044,0.00035822,0.07,0.997323,7.67
39,3.466508,0.00035072,0.07,0.997382,7.72
40,3.472593,0.00034311,0.07,0.997442,7.42
41,3.478248,0.0003354,0.07,0.997503,7.48
42,3.504895,0.0003276,0.07,0.997564,7.49
43,3.522309,0.00031971,0.07,0.997625,7.43
44,3.551332,0.00031175,0.07,0.997687,7.45
45,3.562208,0.00030372,0.07,0.997749,7.47
46,3.573177,0.00029563,0.07,0.997812,7.47
47,3.589075,0.00028749,0.07,0.997874,7.46
48,3.591937,0.00027931,0.07,0.997937,7.43
49,3.598435,0.0002711,0.07,0.998,7.48
50,3.599666,0.00026287,0.07,0.998063,7.5
51,3.592222,0.00025463,0.07,0.998126,7.49
52,3.593289,0.00024637,0.07,0.998188,7.49
53,3.586958,0.00023813,0.07,0.998251,7.49
54,3.572057,0.0002299,0.07,0.998313,8.08
55,3.568382,0.00022169,0.07,0.998375,7.81
56,3.554648,0.00021351,0.07,0.998436,7.48
57,3.549564,0.00020537,0.07,0.998497,7.44
58,3.542014,0.00019728,0.07,0.998558,7.47
59,3.536116,0.00018925,0.07,0.998618,7.49
60,3.525687,0.00018129,0.07,0.998677,7.49
61,3.519472,0.0001734,0.07,0.998736,7.46
62,3.511879,0.0001656,0.07,0.998794,7.47
63,3.50163,0.00015789,0.07,0.998852,7.47
64,3.495436,0.00015028,0.07,0.998908,7.45
65,3.483705,0.00014278,0.07,0.998964,7.47
66,3.474811,0.0001354,0.07,0.999018,7.48
67,3.464603,0.00012814,0.07,0.999072,7.48
68,3.447334,0.00012102,0.07,0.999124,7.46
69,3.434397,0.00011404,0.07,0.999176,7.88
70,3.424954,0.0001072,0.07,0.999226,8.0
71,3.414655,0.00010053,0.07,0.999275,7.44
72,3.401557,9.402e-05,0.07,0.999323,7.5
73,3.390727,8.768e-05,0.07,0.999369,7.45
74,3.372522,8.152e-05,0.07,0.999414,7.46
75,3.358893,7.554e-05,0.07,0.999458,7.48
76,3.347524,6.976e-05,0.07,0.9995,7.44
77,3.339457,6.417e-05,0.07,0.999541,7.48
78,3.321072,5.878e-05,0.07,0.99958,10.7
79,3.31127,5.361e-05,0.07,0.999618,7.41
80,3.294789,4.865e-05,0.07,0.999654,7.39
81,3.281249,4.391e-05,0.07,0.999689,7.39
82,3.270679,3.94e-05,0.07,0.999721,7.36
83,3.258731,3.512e-05,0.07,0.999753,7.37
84,3.245925,3.107e-05,0.07,0.999782,7.37
85,3.23524,2.727e-05,0.07,0.99981,7.36
86,3.221452,2.37e-05,0.07,0.999836,7.42
87,3.212826,2.039e-05,0.07,0.99986,7.36
88,3.200059,1.733e-05,0.07,0.999882,7.36
89,3.186042,1.452e-05,0.07,0.999902,7.37
90,3.178953,1.197e-05,0.07,0.999921,7.35
91,3.175763,9.68e-06,0.07,0.999937,7.53
92,3.161693,7.66e-06,0.07,0.999952,7.38
93,3.162324,5.9e-06,0.07,0.999965,7.34
94,3.159904,4.4e-06,0.07,0.999975,7.41
95,3.149707,3.18e-06,0.07,0.999984,7.4
96,3.144163,2.23e-06,0.07,0.999991,7.36
97,3.145113,1.55e-06,0.07,0.999996,7.38
98,3.140776,1.14e-06,0.07,0.999999,7.41
99,3.141996,1e-06,0.07,1.0,7.46
